{
    "update_time": "2026-03-03 00:45:03",
    "total_krw": 49868.21077309,
    "total_asset": 770965.20678357,
    "total_buy": 1128516.367640252,
    "total_profit": -407419.371629772,
    "total_rate": -36.10221201148312,
    "coins": [
        {
            "name": "BTC",
            "ticker": "BTC",
            "qty": 0.00392755,
            "eval": 400111.30115,
            "buy": 624748.25081,
            "profit": -224636.94965999998,
            "rate": -35.95639513496087,
            "avg_price": 159068185.20706293,
            "curr_price": 101873000.0
        },
        {
            "name": "ETH",
            "ticker": "ETH",
            "qty": 0.07941801,
            "eval": 239683.55417999998,
            "buy": 420641.49156999966,
            "profit": -180957.9373899997,
            "rate": -43.01951686092435,
            "avg_price": 5296550.38661885,
            "curr_price": 3018000.0
        },
        {
            "name": "TRX",
            "ticker": "TRX",
            "qty": 196.38198232,
            "eval": 81302.14068047999,
            "buy": 83126.62526025227,
            "profit": -1824.484579772281,
            "rate": -2.194825754155419,
            "avg_price": 423.29048866,
            "curr_price": 414.0
        }
    ],
    "btc_pct": 51.89745239207944,
    "eth_pct": 31.088764067570352,
    "trx_pct": 10.545500622481867
}